Frequency Types,Q,Likelihood,Posterior,KL Divergence
0.0,0.39,0.2564102564102564,0.3833914229428702,0.11445933394265684
1.0,0.33,0.15151515151515152,0.2265494771935142,
2.0,0.23,0.2608695652173913,0.3900590998636157,
3.0,0.05,0.0,0.0,
