Frequency Types,Q,Likelihood,Posterior,KL Divergence
0.0,0.32,0.28125,0.46825844962490926,0.20147740181255966
1.0,0.43,0.18604651162790697,0.30975235944180046,
2.0,0.15,0.13333333333333333,0.2219891909332903,
3.0,0.07,0.0,0.0,
4.0,0.03,0.0,0.0,
