Frequency Types,Q,Likelihood,Posterior,KL Divergence
0.0,0.32,0.15625,0.3043621128727512,0.12331425938574316
1.0,0.39,0.1794871794871795,0.3496262219666475,
2.0,0.19,0.05263157894736842,0.1025219748624004,
3.0,0.08,0.125,0.24348969029820094,
4.0,0.02,0.0,0.0,
