Frequency Types,Q,Likelihood,Posterior,KL Divergence
0.0,0.35,0.37142857142857144,0.6483375959079284,0.3634321640835785
1.0,0.39,0.15384615384615385,0.26854219948849106,
2.0,0.21,0.047619047619047616,0.08312020460358055,
3.0,0.04,0.0,0.0,
5.0,0.01,0.0,0.0,
