Frequency Types,Q,Likelihood,Posterior,KL Divergence
0.0,0.35,0.17142857142857143,0.4403021681546159,0.12807820952775972
1.0,0.44,0.1590909090909091,0.4086137545374276,
2.0,0.17,0.058823529411764705,0.15108407730795645,
3.0,0.04,0.0,0.0,
