Frequency Types,Q,Likelihood,Posterior,KL Divergence
0.0,0.34,0.17647058823529413,0.25980274236228046,0.06793994456650501
1.0,0.4,0.225,0.33124849651190763,
2.0,0.18,0.1111111111111111,0.16357950445032474,
3.0,0.06,0.16666666666666666,0.2453692566754871,
4.0,0.02,0.0,0.0,
