Frequency Types,Q,Likelihood,Posterior,KL Divergence
0.0,0.45,0.17777777777777778,0.2930693069306931,0.06785716930362154
1.0,0.37,0.16216216216216217,0.26732673267326734,
2.0,0.15,0.26666666666666666,0.4396039603960396,
3.0,0.03,0.0,0.0,
