Frequency Types,Q,Likelihood,Posterior,KL Divergence
0.0,0.4,0.1,0.0951670644391408,0.23854501476892917
1.0,0.29,0.06896551724137931,0.06563245823389022,
2.0,0.22,0.18181818181818182,0.17303102625298328,
3.0,0.05,0.2,0.1903341288782816,
4.0,0.04,0.5,0.475835322195704,
