Frequency Types,Q,Likelihood,Posterior,KL Divergence
0.0,0.34,0.20588235294117646,0.30397022332506207,0.051273111960531026
1.0,0.35,0.2571428571428571,0.3796526054590571,
2.0,0.28,0.21428571428571427,0.31637717121588094,
3.0,0.02,0.0,0.0,
4.0,0.01,0.0,0.0,
