Frequency Types,Q,Likelihood,Posterior,KL Divergence
0.0,0.36,0.1111111111111111,0.3246930422919509,0.16100151553440115
1.0,0.34,0.08823529411764706,0.25784447476125516,
2.0,0.21,0.14285714285714285,0.417462482946794,
3.0,0.08,0.0,0.0,
4.0,0.01,0.0,0.0,
