Frequency Types,Q,Likelihood,Posterior,KL Divergence
0.0,0.34,0.20588235294117646,0.32238082413143015,0.1525668054012927
1.0,0.38,0.21052631578947367,0.32965257204416915,
2.0,0.18,0.2222222222222222,0.34796660382440076,
3.0,0.06,0.0,0.0,
4.0,0.04,0.0,0.0,
