Frequency Types,Q,Likelihood,Posterior,KL Divergence
0.0,0.36,0.3055555555555556,0.4166059723233795,0.18628627596017885
1.0,0.32,0.3125,0.42607428987618357,
2.0,0.26,0.11538461538461539,0.157319737800437,
3.0,0.05,0.0,0.0,
4.0,0.01,0.0,0.0,
