Frequency Types,Q,Likelihood,Posterior,KL Divergence
0.0,0.34,0.20588235294117646,0.3881846989588049,0.13325793898937444
1.0,0.49,0.22448979591836735,0.42326844726120416,
2.0,0.1,0.1,0.18854685377999095,
3.0,0.04,0.0,0.0,
4.0,0.03,0.0,0.0,
