Frequency Types,Q,Likelihood,Posterior,KL Divergence
0.0,0.37,0.1891891891891892,0.11669377323420074,0.09331741355063249
1.0,0.41,0.14634146341463414,0.09026486988847583,
2.0,0.14,0.14285714285714285,0.0881157063197026,
3.0,0.07,0.14285714285714285,0.0881157063197026,
6.0,0.01,1.0,0.6168099442379182,
