Frequency Types,Q,Likelihood,Posterior,KL Divergence
0.0,0.32,0.21875,0.38181818181818183,0.09817824139487809
1.0,0.32,0.1875,0.3272727272727272,
2.0,0.3,0.16666666666666666,0.29090909090909084,
3.0,0.05,0.0,0.0,
4.0,0.01,0.0,0.0,
