Frequency Types,Q,Likelihood,Posterior,KL Divergence
0.0,0.35,0.3142857142857143,0.5739130434782609,0.2711921772763512
1.0,0.42,0.16666666666666666,0.3043478260869565,
2.0,0.15,0.06666666666666667,0.1217391304347826,
3.0,0.07,0.0,0.0,
6.0,0.01,0.0,0.0,
