Frequency Types,Q,Likelihood,Posterior,KL Divergence
0.0,0.34,0.08823529411764706,0.11809108870763466,0.1428466702416938
1.0,0.37,0.13513513513513514,0.18086022594862966,
2.0,0.21,0.23809523809523808,0.31865849333806173,
3.0,0.07,0.2857142857142857,0.3823901920056741,
5.0,0.01,0.0,0.0,
