Frequency Types,Q,Likelihood,Posterior,KL Divergence
0.0,0.4,0.225,0.1859394564336746,0.0659146489781664
1.0,0.33,0.24242424242424243,0.20033880827870662,
2.0,0.17,0.11764705882352941,0.09722324519407823,
3.0,0.08,0.125,0.1032996980187081,
4.0,0.02,0.5,0.4131987920748324,
