Frequency Types,Q,Likelihood,Posterior,KL Divergence
0.0,0.36,0.16666666666666666,0.11774941995359628,0.42920765861189203
1.0,0.28,0.21428571428571427,0.1513921113689095,
2.0,0.29,0.034482758620689655,0.024361948955916476,
3.0,0.05,0.0,0.0,
4.0,0.01,0.0,0.0,
5.0,0.01,1.0,0.7064965197215778,
