Frequency Types,Q,Likelihood,Posterior,KL Divergence
0.0,0.32,0.21875,0.26818807412860485,0.004845925922447019
1.0,0.38,0.18421052631578946,0.22584258873987773,
2.0,0.21,0.19047619047619047,0.23352430944531574,
3.0,0.09,0.2222222222222222,0.2724450276862017,
