Frequency Types,Q,Likelihood,Posterior,KL Divergence
0.0,0.38,0.23684210526315788,0.17737596195958202,0.06458765553388437
1.0,0.36,0.2222222222222222,0.16642682850528687,
2.0,0.15,0.4,0.29956829130951634,
3.0,0.07,0.14285714285714285,0.10698867546768441,
4.0,0.03,0.3333333333333333,0.24964024275793026,
5.0,0.01,0.0,0.0,
