Frequency Types,Q,Likelihood,Posterior,KL Divergence
0.0,0.37,0.1891891891891892,0.11411105450840552,0.2651185895974778
1.0,0.32,0.09375,0.056546102903718795,
2.0,0.16,0.25,0.15078960774325012,
3.0,0.08,0.125,0.07539480387162506,
4.0,0.06,0.0,0.0,
5.0,0.01,1.0,0.6031584309730005,
