Frequency Types,Q,Likelihood,Posterior,KL Divergence
0.0,0.32,0.28125,0.2816249705905419,0.07139272050862051
1.0,0.38,0.15789473684210525,0.15810524664732178,
2.0,0.18,0.16666666666666666,0.16688887146106188,
3.0,0.07,0.14285714285714285,0.1430476041094816,
4.0,0.04,0.25,0.2503333071915928,
5.0,0.01,0.0,0.0,
