Frequency Types,Q,Likelihood,Posterior,KL Divergence
0.0,0.34,0.14705882352941177,0.26998719888281153,0.11095712682627647
1.0,0.32,0.15625,0.2868613988129873,
2.0,0.29,0.2413793103448276,0.4431514023042011,
3.0,0.03,0.0,0.0,
4.0,0.02,0.0,0.0,
