Frequency Types,Q,Likelihood,Posterior,KL Divergence
0.0,0.42,0.19047619047619047,0.2565130260521042,0.06956575834396826
1.0,0.32,0.21875,0.29458917835671344,
2.0,0.24,0.3333333333333333,0.4488977955911823,
3.0,0.02,0.0,0.0,
