Frequency Types,Q,Likelihood,Posterior,KL Divergence
0.0,0.37,0.16216216216216217,0.10776912700854296,0.19039229343260422
1.0,0.33,0.21212121212121213,0.14097072674349811,
2.0,0.23,0.13043478260869565,0.08668386302861063,
3.0,0.06,0.0,0.0,
4.0,0.01,1.0,0.6645762832193483,
