Frequency Types,Q,Likelihood,Posterior,KL Divergence
0.0,0.42,0.16666666666666666,0.2559706062461727,0.1303486121451754
1.0,0.33,0.18181818181818182,0.27924066135946113,
2.0,0.19,0.05263157894736842,0.08083282302510716,
3.0,0.04,0.25,0.38395590936925905,
4.0,0.02,0.0,0.0,
