Frequency Types,Q,Likelihood,Posterior,KL Divergence
0.0,0.48,0.20833333333333334,0.3164556962025316,0.03362126988116685
1.0,0.35,0.2,0.3037974683544304,
2.0,0.08,0.125,0.189873417721519,
3.0,0.08,0.125,0.189873417721519,
4.0,0.01,0.0,0.0,
