Frequency Types,Q,Likelihood,Posterior,KL Divergence
0.0,0.48,0.20833333333333334,0.3357438016528925,0.04705300281531495
1.0,0.3,0.13333333333333333,0.21487603305785122,
2.0,0.13,0.15384615384615385,0.24793388429752067,
3.0,0.08,0.125,0.2014462809917355,
4.0,0.01,0.0,0.0,
