Frequency Types,Q,Likelihood,Posterior,KL Divergence
0.0,0.39,0.23076923076923078,0.48000000000000004,0.41619257962244427
1.0,0.36,0.25,0.52,
2.0,0.18,0.0,0.0,
3.0,0.05,0.0,0.0,
4.0,0.02,0.0,0.0,
