Frequency Types,Q,Likelihood,Posterior,KL Divergence
0.0,0.34,0.29411764705882354,0.4261206419479801,0.15639697286560753
1.0,0.44,0.18181818181818182,0.2634200332042059,
2.0,0.14,0.21428571428571427,0.31045932484781413,
3.0,0.07,0.0,0.0,
4.0,0.01,0.0,0.0,
