Frequency Types,Q,Likelihood,Posterior,KL Divergence
0.0,0.34,0.14705882352941177,0.2502979737783075,0.1741009981696386
1.0,0.36,0.25,0.42550655542312277,
2.0,0.21,0.19047619047619047,0.3241954707985697,
3.0,0.07,0.0,0.0,
4.0,0.02,0.0,0.0,
