Frequency Types,Q,Likelihood,Posterior,KL Divergence
0.0,0.32,0.21875,0.38598262977176334,0.13760907373976938
1.0,0.39,0.20512820512820512,0.36194708139769743,
2.0,0.21,0.14285714285714285,0.2520702888305393,
3.0,0.05,0.0,0.0,
4.0,0.03,0.0,0.0,
