Frequency Types,Q,Likelihood,Posterior,KL Divergence
0.0,0.36,0.08333333333333333,0.11235955056179774,0.18018332525521935
1.0,0.4,0.225,0.30337078651685395,
2.0,0.2,0.1,0.1348314606741573,
3.0,0.01,0.0,0.0,
4.0,0.03,0.3333333333333333,0.44943820224719094,
