Frequency Types,Q,Likelihood,Posterior,KL Divergence
0.0,0.48,0.22916666666666666,0.3743139407244786,0.10799542480465729
1.0,0.31,0.25806451612903225,0.42151481888035125,
2.0,0.16,0.125,0.20417124039517015,
3.0,0.04,0.0,0.0,
4.0,0.01,0.0,0.0,
