Frequency Types,Q,Likelihood,Posterior,KL Divergence
0.0,0.41,0.34146341463414637,0.5659287776708374,0.2795289334240589
1.0,0.3,0.16666666666666666,0.2762271414821944,
2.0,0.21,0.09523809523809523,0.15784408084696824,
3.0,0.07,0.0,0.0,
4.0,0.01,0.0,0.0,
