Frequency Types,Q,Likelihood,Posterior,KL Divergence
0.0,0.34,0.11764705882352941,0.24277456647398843,0.1372394762449401
1.0,0.42,0.19047619047619047,0.3930635838150288,
2.0,0.17,0.17647058823529413,0.3641618497109826,
3.0,0.05,0.0,0.0,
4.0,0.02,0.0,0.0,
