Frequency Types,Q,Likelihood,Posterior,KL Divergence
0.0,0.42,0.16666666666666666,0.2244897959183673,0.0385739151311209
1.0,0.33,0.24242424242424243,0.32653061224489793,
2.0,0.18,0.16666666666666666,0.2244897959183673,
3.0,0.06,0.16666666666666666,0.2244897959183673,
4.0,0.01,0.0,0.0,
