Frequency Types,Q,Likelihood,Posterior,KL Divergence
0.0,0.36,0.1111111111111111,0.15384615384615385,0.25247003451187255
1.0,0.36,0.2777777777777778,0.38461538461538464,
2.0,0.21,0.047619047619047616,0.06593406593406594,
3.0,0.07,0.2857142857142857,0.39560439560439564,
