Frequency Types,Q,Likelihood,Posterior,KL Divergence
0.0,0.29,0.1724137931034483,0.29975020815986675,0.16074730959713568
1.0,0.48,0.2916666666666667,0.5070774354704413,
2.0,0.18,0.1111111111111111,0.1931723563696919,
3.0,0.05,0.0,0.0,
