Frequency Types,Q,Likelihood,Posterior,KL Divergence
0.0,0.38,0.10526315789473684,0.1646398503274088,0.13749678284938482
1.0,0.33,0.24242424242424243,0.37917056439039604,
2.0,0.18,0.16666666666666666,0.26067976301839724,
3.0,0.08,0.125,0.19550982226379796,
4.0,0.03,0.0,0.0,
