Frequency Types,Q,Likelihood,Posterior,KL Divergence
0.0,0.36,0.2777777777777778,0.4289855072463768,0.16095061464739002
1.0,0.37,0.1891891891891892,0.2921739130434783,
2.0,0.18,0.05555555555555555,0.08579710144927535,
3.0,0.08,0.125,0.19304347826086954,
4.0,0.01,0.0,0.0,
