Frequency Types,Q,Likelihood,Posterior,KL Divergence
0.0,0.42,0.023809523809523808,0.07866868381240544,0.41970658239210656
1.0,0.4,0.125,0.4130105900151286,
2.0,0.13,0.15384615384615385,0.5083207261724659,
3.0,0.05,0.0,0.0,
