Frequency Types,Q,Likelihood,Posterior,KL Divergence
0.0,0.39,0.1282051282051282,0.19487866607116272,0.09783845888028288
1.0,0.33,0.15151515151515152,0.2303111508113741,
2.0,0.17,0.23529411764705882,0.3576596694953104,
3.0,0.07,0.14285714285714285,0.21715051362215274,
4.0,0.04,0.0,0.0,
