Frequency Types,Q,Likelihood,Posterior,KL Divergence
0.0,0.44,0.20454545454545456,0.29531250000000003,0.03399489687975271
1.0,0.42,0.23809523809523808,0.34374999999999994,
2.0,0.12,0.25,0.3609375,
3.0,0.01,0.0,0.0,
5.0,0.01,0.0,0.0,
