Frequency Types,Q,Likelihood,Posterior,KL Divergence
0.0,0.43,0.20930232558139536,0.38291406381901066,0.1150557339353993
1.0,0.36,0.19444444444444445,0.3557318926219821,
2.0,0.14,0.14285714285714285,0.26135404355900727,
3.0,0.05,0.0,0.0,
4.0,0.02,0.0,0.0,
