Frequency Types,Q,Likelihood,Posterior,KL Divergence
0.0,0.4,0.2,0.4225721784776903,0.16225607327708041
1.0,0.28,0.14285714285714285,0.30183727034120733,
2.0,0.23,0.13043478260869565,0.2755905511811023,
3.0,0.08,0.0,0.0,
4.0,0.01,0.0,0.0,
