Frequency Types,Q,Likelihood,Posterior,KL Divergence
0.0,0.36,0.2222222222222222,0.49335863377609107,0.14892380608702926
1.0,0.39,0.1282051282051282,0.2846299810246679,
2.0,0.2,0.1,0.222011385199241,
3.0,0.04,0.0,0.0,
4.0,0.01,0.0,0.0,
