Frequency Types,Q,Likelihood,Posterior,KL Divergence
0.0,0.34,0.2647058823529412,0.15794993258234583,0.16328285354535937
1.0,0.41,0.21951219512195122,0.13098287092194535,
2.0,0.15,0.06666666666666667,0.03977998302073895,
3.0,0.08,0.125,0.07458746816388553,
4.0,0.01,0.0,0.0,
5.0,0.01,1.0,0.5966997453110843,
