Frequency Types,Q,Likelihood,Posterior,KL Divergence
0.0,0.4,0.15,0.2621359223300971,0.08121419077212415
1.0,0.36,0.2222222222222222,0.3883495145631068,
2.0,0.2,0.2,0.34951456310679613,
3.0,0.03,0.0,0.0,
4.0,0.01,0.0,0.0,
