Frequency Types,Q,Likelihood,Posterior,KL Divergence
0.0,0.36,0.19444444444444445,0.1846644441223366,0.06077027049455562
1.0,0.28,0.21428571428571427,0.2035077547470648,
2.0,0.26,0.2692307692307692,0.25568923032323526,
3.0,0.08,0.375,0.3561385708073634,
4.0,0.01,0.0,0.0,
5.0,0.01,0.0,0.0,
