Frequency Types,Q,Likelihood,Posterior,KL Divergence
0.0,0.34,0.17647058823529413,0.19496617504937183,0.04451550723718664
1.0,0.32,0.15625,0.17262630082496466,
2.0,0.29,0.1724137931034483,0.1904841940137541,
3.0,0.05,0.4,0.4419233301119095,
