Frequency Types,Q,Likelihood,Posterior,KL Divergence
0.0,0.41,0.17073170731707318,0.32546494992846925,0.17474645987365736
1.0,0.35,0.2,0.3812589413447782,
2.0,0.13,0.15384615384615385,0.2932761087267525,
3.0,0.06,0.0,0.0,
4.0,0.04,0.0,0.0,
5.0,0.01,0.0,0.0,
