Frequency Types,Q,Likelihood,Posterior,KL Divergence
0.0,0.3,0.16666666666666666,0.3238434163701067,0.16697525098243843
1.0,0.39,0.20512820512820512,0.398576512455516,
2.0,0.21,0.14285714285714285,0.2775800711743772,
3.0,0.09,0.0,0.0,
5.0,0.01,0.0,0.0,
