Frequency Types,Q,Likelihood,Posterior,KL Divergence
0.0,0.44,0.22727272727272727,0.3667953667953668,0.06576134473248865
1.0,0.33,0.18181818181818182,0.2934362934362934,
2.0,0.19,0.21052631578947367,0.33976833976833976,
3.0,0.03,0.0,0.0,
5.0,0.01,0.0,0.0,
