Frequency Types,Q,Likelihood,Posterior,KL Divergence
0.0,0.46,0.17391304347826086,0.23987599992873557,0.01081201791084354
1.0,0.34,0.14705882352941177,0.2028363234691514,
2.0,0.11,0.18181818181818182,0.25077945447095085,
3.0,0.09,0.2222222222222222,0.30650822213116213,
