Frequency Types,Q,Likelihood,Posterior,KL Divergence
0.0,0.44,0.22727272727272727,0.4153481012658228,0.20929662162963375
1.0,0.3,0.06666666666666667,0.12183544303797468,
2.0,0.14,0.07142857142857142,0.1305379746835443,
3.0,0.11,0.18181818181818182,0.3322784810126582,
5.0,0.01,0.0,0.0,
