Frequency Types,Q,Likelihood,Posterior,KL Divergence
0.0,0.34,0.17647058823529413,0.21385487113873147,0.04927213814105608
1.0,0.39,0.28205128205128205,0.34180222993968196,
2.0,0.2,0.2,0.24236885395722899,
3.0,0.06,0.16666666666666666,0.20197404496435747,
4.0,0.01,0.0,0.0,
