Frequency Types,Q,Likelihood,Posterior,KL Divergence
0.0,0.32,0.25,0.1245753114382786,0.06987446982916605
1.0,0.32,0.25,0.1245753114382786,
2.0,0.22,0.18181818181818182,0.09060022650056625,
3.0,0.08,0.125,0.0622876557191393,
4.0,0.05,0.2,0.09966024915062288,
5.0,0.01,1.0,0.4983012457531144,
