Frequency Types,Q,Likelihood,Posterior,KL Divergence
0.0,0.35,0.14285714285714285,0.2529568866844716,0.0593211309119274
1.0,0.39,0.10256410256410256,0.18161007249141548,
2.0,0.17,0.17647058823529413,0.31247615413964136,
3.0,0.07,0.14285714285714285,0.2529568866844716,
4.0,0.02,0.0,0.0,
