Frequency Types,Q,Likelihood,Posterior,KL Divergence
0.0,0.33,0.18181818181818182,0.20958083832335328,0.037344857559980044
1.0,0.4,0.2,0.2305389221556886,
2.0,0.21,0.2857142857142857,0.32934131736526945,
3.0,0.05,0.2,0.2305389221556886,
5.0,0.01,0.0,0.0,
