Frequency Types,Q,Likelihood,Posterior,KL Divergence
0.0,0.45,0.2,0.3043478260869565,0.24805909283271554
1.0,0.35,0.3142857142857143,0.4782608695652174,
2.0,0.11,0.0,0.0,
3.0,0.07,0.14285714285714285,0.21739130434782608,
4.0,0.02,0.0,0.0,
