Frequency Types,Q,Likelihood,Posterior,KL Divergence
0.0,0.29,0.13793103448275862,0.24797762153171543,0.22270091006588139
1.0,0.41,0.2682926829268293,0.482346715052544,
2.0,0.2,0.15,0.2696756634157405,
3.0,0.07,0.0,0.0,
4.0,0.03,0.0,0.0,
