Frequency Types,Q,Likelihood,Posterior,KL Divergence
0.0,0.41,0.12195121951219512,0.1348202130215424,0.11786022331393436
1.0,0.37,0.1891891891891892,0.2091535196604469,
2.0,0.13,0.3076923076923077,0.3401617682389686,
3.0,0.07,0.2857142857142857,0.31586449907904224,
4.0,0.02,0.0,0.0,
