Frequency Types,Q,Likelihood,Posterior,KL Divergence
0.0,0.35,0.2571428571428571,0.501547987616099,0.23062163832879565
1.0,0.4,0.2,0.3900928792569659,
2.0,0.18,0.05555555555555555,0.10835913312693497,
3.0,0.05,0.0,0.0,
4.0,0.02,0.0,0.0,
