Frequency Types,Q,Likelihood,Posterior,KL Divergence
0.0,0.27,0.18518518518518517,0.3367875647668394,0.10486833967770462
1.0,0.39,0.1794871794871795,0.3264248704663213,
2.0,0.27,0.18518518518518517,0.3367875647668394,
3.0,0.06,0.0,0.0,
4.0,0.01,0.0,0.0,
