Frequency Types,Q,Likelihood,Posterior,KL Divergence
0.0,0.39,0.23076923076923078,0.3448394891266828,0.08989010568261806
1.0,0.37,0.21621621621621623,0.3230928546772523,
2.0,0.18,0.2222222222222222,0.3320676561960649,
3.0,0.03,0.0,0.0,
4.0,0.03,0.0,0.0,
