Frequency Types,Q,Likelihood,Posterior,KL Divergence
0.0,0.38,0.23684210526315788,0.22526672507988862,0.03319219169609974
1.0,0.37,0.16216216216216217,0.15423667663127513,
2.0,0.14,0.2857142857142857,0.27175033501700857,
3.0,0.05,0.2,0.19022523451190598,
4.0,0.06,0.16666666666666666,0.15852102875992163,
