Frequency Types,Q,Likelihood,Posterior,KL Divergence
0.0,0.36,0.1388888888888889,0.2063106796116505,0.1476685177921268
1.0,0.34,0.11764705882352941,0.1747572815533981,
2.0,0.18,0.16666666666666666,0.24757281553398058,
3.0,0.08,0.0,0.0,
4.0,0.04,0.25,0.3713592233009709,
