Frequency Types,Q,Likelihood,Posterior,KL Divergence
0.0,0.31,0.25806451612903225,0.1371547517634437,0.22606053346322705
1.0,0.37,0.10810810810810811,0.05745672033333452,
2.0,0.26,0.11538461538461539,0.06132399958653973,
3.0,0.05,0.4,0.21258986523333773,
4.0,0.01,1.0,0.5314746630833443,
