Frequency Types,Q,Likelihood,Posterior,KL Divergence
0.0,0.45,0.1111111111111111,0.25,0.563592907578207
1.0,0.33,0.3333333333333333,0.75,
2.0,0.12,0.0,0.0,
3.0,0.07,0.0,0.0,
4.0,0.03,0.0,0.0,
