Frequency Types,Q,Likelihood,Posterior,KL Divergence
0.0,0.43,0.16279069767441862,0.19969345303262534,0.03182863228408342
1.0,0.38,0.13157894736842105,0.16140636241358813,
2.0,0.16,0.1875,0.2300040664393631,
3.0,0.03,0.3333333333333333,0.4088961181144233,
