Frequency Types,Q,Likelihood,Posterior,KL Divergence
0.0,0.26,0.19230769230769232,0.39353176874642243,0.03968025301129531
1.0,0.5,0.16,0.3274184315970235,
2.0,0.22,0.13636363636363635,0.2790497996565541,
3.0,0.01,0.0,0.0,
4.0,0.01,0.0,0.0,
