Frequency Types,Q,Likelihood,Posterior,KL Divergence
0.0,0.42,0.19047619047619047,0.2572347266881029,0.1493686743317031
1.0,0.3,0.3,0.40514469453376206,
2.0,0.2,0.25,0.337620578778135,
3.0,0.07,0.0,0.0,
4.0,0.01,0.0,0.0,
