Frequency Types,Q,Likelihood,Posterior,KL Divergence
0.0,0.3,0.13333333333333333,0.1276391554702495,0.13336976995639238
1.0,0.38,0.3684210526315789,0.3526871401151631,
2.0,0.2,0.2,0.19145873320537427,
3.0,0.07,0.14285714285714285,0.13675623800383876,
4.0,0.05,0.2,0.19145873320537427,
