Frequency Types,Q,Likelihood,Posterior,KL Divergence
0.0,0.36,0.1388888888888889,0.12195121951219512,0.10415144926907371
1.0,0.4,0.3,0.2634146341463415,
2.0,0.2,0.2,0.17560975609756097,
3.0,0.04,0.5,0.43902439024390244,
